Soudia Coach Service,7:00 AM,5:30 PM,৳ 1000
Soudia Coach Service,7:00 AM,7:00 PM,৳ 1500
Times Travels,6:00 PM,5:30 AM,৳ 2000 | ৳ 1600
Soudia Coach Service,7:30 PM,6:00 AM,৳ 2000 | ৳ 1600
Times Travels,8:00 PM,4:00 AM,৳ 1000
Royal Coach,8:00 PM,7:00 AM,৳ 2000 | ৳ 1600
Saintmartin Travels,8:15 PM,5:30 AM,৳ 2000 | ৳ 1600
Evergreen Transport Ltd,8:15 PM,5:00 AM,৳ 2000 | ৳ 1600
Hanif Enterprise,8:30 PM,6:30 AM,৳ 2000 | ৳ 1800
Ena Transport (Pvt) Ltd,8:40 PM,6:00 AM,৳ 2000 | ৳ 1800
Ena Transport (Pvt) Ltd,9:00 PM,6:00 AM,৳ 2000 | ৳ 1800
Saintmartin Travels,9:00 PM,6:00 AM,৳ 1600 | ৳ 1200
Tuba Line,9:00 PM,6:00 AM,৳ 2000 | ৳ 1600
Royal Coach,9:00 PM,8:00 AM,৳ 1000
Tuba Line,9:00 PM,7:00 AM,৳ 1200
Royal Coach,9:00 PM,8:00 AM,৳ 1000
Ena Transport (Pvt) Ltd,9:00 PM,6:00 AM,৳ 2000 | ৳ 1800
Saintmartin Hyundai (Robi Express),9:10 PM,1:00 AM,৳ 2000 | ৳ 1800
Ena Transport (Pvt) Ltd,9:20 PM,7:00 AM,৳ 2000 | ৳ 1800
Ena Transport (Pvt) Ltd,9:40 PM,8:30 AM,৳ 1500
Soudia Coach Service,9:45 PM,7:00 AM,৳ 1600
Ena Transport (Pvt) Ltd,10:00 PM,7:30 AM,৳ 2200 | ৳ 1800
Soudia Coach Service,10:00 PM,8:00 AM,৳ 1800
Hanif Enterprise,10:00 PM,6:00 AM,৳ 1800 | ৳ 1300
Royal Coach,10:00 PM,7:00 AM,৳ 2000 | ৳ 1500
Soudia Coach Service,10:00 PM,7:45 AM,৳ 1000
Soudia Coach Service,10:00 PM,8:00 AM,৳ 1800
SHOHAGH PARIBAHAN,10:15 PM,6:15 AM,৳ 1800
SHOHAGH PARIBAHAN,10:30 PM,6:30 AM,৳ 1000
Hanif Enterprise,10:30 PM,5:00 AM,৳ 1800
Saintmartin Hyundai (Robi Express),10:30 PM,7:00 AM,৳ 1200
Soudia Coach Service,10:30 PM,8:00 AM,৳ 1500
Hanif Enterprise,10:45 PM,6:00 AM,৳ 2000 | ৳ 1800
Hanif Enterprise,10:45 PM,6:15 AM,৳ 2000 | ৳ 1600
SHOHAGH PARIBAHAN,11:00 PM,7:00 AM,৳ 2000 | ৳ 1600
Hanif Enterprise,11:00 PM,9:00 AM,৳ 1500
Soudia Coach Service,11:15 PM,8:30 AM,৳ 1000
Evergreen Transport Ltd,11:30 PM,9:00 AM,৳ 2200
Tuba Line,11:30 PM,6:00 AM,৳ 2800
Saintmartin Hyundai (Robi Express),11:30 PM,6:00 AM,৳ 2000
Royal Coach,11:30 PM,8:00 AM,৳ 2000 | ৳ 1800
Evergreen Transport Ltd,11:45 PM,12:00 AM,৳ 2000
M R Paribahan,11:45 PM,6:00 AM,৳ 1000
Royal Coach,11:45 PM,8:00 AM,৳ 1400
Tuba Line,11:50 PM,7:55 AM,৳ 1000
Saintmartin Travels,11:55 PM,9:00 AM,৳ 2000
Evergreen Transport Ltd,11:55 PM,10:00 AM,৳ 1000
