Hanif Enterprise,05:15 AM,11:30 AM,37,৳ 570
Ena Transport (Pvt) Ltd,06:15 AM,11:15 AM,40,৳ 570
Hanif Enterprise,06:15 AM,12:30 PM,37,৳ 570
Hanif Enterprise,06:30 AM,11:00 AM,37,৳ 570
Hanif Enterprise,08:00 AM,03:00 PM,37,৳ 570
Hanif Enterprise,08:30 AM,02:30 AM,37,৳ 570
Hanif Enterprise,08:41 AM,11:41 AM,37,৳ 570
Ena Transport (Pvt) Ltd,08:55 AM,02:00 PM,40,৳ 570
Hanif Enterprise,09:00 AM,04:00 PM,37,৳ 570
Hanif Enterprise,10:00 AM,05:00 PM,37,৳ 570
Ena Transport (Pvt) Ltd,10:50 AM,06:00 PM,33,৳ 700
Hanif Enterprise,11:00 AM,06:00 PM,37,৳ 570
Hanif Enterprise,12:00 PM,07:00 PM,37,৳ 570
Hanif Enterprise,01:00 PM,08:00 PM,37,৳ 570
Ena Transport (Pvt) Ltd,01:45 PM,06:15 PM,40,৳ 570
Hanif Enterprise,02:00 PM,09:00 PM,37,৳ 570
Ena Transport (Pvt) Ltd,02:40 PM,09:00 PM,38,৳ 570
Hanif Enterprise,03:20 PM,06:17 PM,37,৳ 570
Hanif Enterprise,04:00 PM,11:00 PM,37,৳ 570
Hanif Enterprise,05:00 PM,12:00 AM,37,৳ 570
Ena Transport (Pvt) Ltd,05:40 PM,11:55 PM,40,৳ 570
Hanif Enterprise,06:00 PM,01:00 AM,37,৳ 570
Hanif Enterprise,08:00 PM,03:00 AM,37,৳ 570
Hanif Enterprise,10:00 PM,05:00 AM,37,৳ 570
Hanif Enterprise,10:00 PM,05:00 AM,37,৳ 570
Ena Transport (Pvt) Ltd,10:35 PM,05:30 AM,40,৳ 570
Hanif Enterprise,11:55 PM,05:00 AM,37,৳ 570
