Hanif Enterprise,04:30 AM,12:00 PM,36,৳ 700
Hanif Enterprise,05:00 AM,12:45 PM,36,৳ 700
Hanif Enterprise,05:30 AM,10:30 AM,37,৳ 700
Ena Transport (Pvt) Ltd,06:00 AM,12:00 PM,40,৳ 670
Ena Transport (Pvt) Ltd,06:30 AM,12:30 PM,26,৳ 1500
Hanif Enterprise,06:30 AM,12:30 AM,37,৳ 700
Hanif Enterprise,06:30 AM,11:30 AM,37,৳ 700
Ena Transport (Pvt) Ltd,06:30 AM,12:30 PM,40,৳ 670
Hanif Enterprise,06:45 AM,11:30 AM,37,৳ 700
Ena Transport (Pvt) Ltd,07:00 AM,01:00 PM,40,৳ 670
Ena Transport (Pvt) Ltd,07:30 AM,01:30 PM,40,৳ 670
Ena Transport (Pvt) Ltd,08:00 AM,02:00 PM,40,৳ 670
Ena Transport (Pvt) Ltd,08:00 AM,02:00 PM,27,৳ 1500
Hanif Enterprise,08:30 AM,03:00 PM,37,৳ 700
Hanif Enterprise,08:30 AM,02:00 PM,37,৳ 700
Ena Transport (Pvt) Ltd,08:35 AM,02:30 PM,40,৳ 670
Hanif Enterprise,09:00 AM,03:00 AM,37,৳ 700
Ena Transport (Pvt) Ltd,09:00 AM,03:00 PM,40,৳ 670
Ena Transport (Pvt) Ltd,09:30 AM,03:30 PM,40,৳ 670
Ena Transport (Pvt) Ltd,09:45 AM,04:00 PM,40,৳ 670
Hanif Enterprise,10:00 AM,04:00 PM,37,৳ 700
Ena Transport (Pvt) Ltd,10:00 AM,04:00 PM,40,৳ 670
Hanif Enterprise,10:00 AM,04:00 PM,37,৳ 700
Ena Transport (Pvt) Ltd,10:30 AM,04:30 PM,40,৳ 670
Ena Transport (Pvt) Ltd,11:00 AM,05:00 PM,25,৳ 1500
Hanif Enterprise,11:00 AM,05:00 PM,37,৳ 700
Ena Transport (Pvt) Ltd,11:30 AM,05:30 PM,40,৳ 670
Hanif Enterprise,12:00 PM,06:00 PM,37,৳ 700
Ena Transport (Pvt) Ltd,12:00 PM,06:00 PM,40,৳ 670
Ena Transport (Pvt) Ltd,12:30 PM,06:30 PM,40,৳ 670
Ena Transport (Pvt) Ltd,01:00 PM,07:00 PM,40,৳ 670
Hanif Enterprise,01:00 PM,07:00 PM,37,৳ 700
Ena Transport (Pvt) Ltd,01:30 PM,07:30 PM,40,৳ 670
Hanif Enterprise,02:00 PM,08:00 PM,37,৳ 700
Ena Transport (Pvt) Ltd,02:00 PM,08:00 PM,40,৳ 670
Ena Transport (Pvt) Ltd,02:00 PM,08:00 PM,28,৳ 1500
Ena Transport (Pvt) Ltd,02:30 PM,08:30 PM,40,৳ 670
Hanif Enterprise,03:00 PM,09:00 PM,37,৳ 700
Ena Transport (Pvt) Ltd,03:00 PM,09:00 PM,40,৳ 670
Ena Transport (Pvt) Ltd,03:30 PM,09:00 PM,28,৳ 1500
Ena Transport (Pvt) Ltd,04:00 PM,10:00 PM,40,৳ 670
Hanif Enterprise,04:00 PM,10:00 PM,37,৳ 700
Hanif Enterprise,04:00 PM,05:00 AM,41,৳ 700
Ena Transport (Pvt) Ltd,05:00 PM,11:00 PM,40,৳ 670
Ena Transport (Pvt) Ltd,05:00 PM,11:00 PM,28,৳ 1500
Hanif Enterprise,05:00 PM,11:00 PM,37,৳ 700
Ena Transport (Pvt) Ltd,05:30 PM,11:30 PM,40,৳ 670
Hanif Enterprise,06:00 PM,12:00 AM,37,৳ 700
Ena Transport (Pvt) Ltd,06:30 PM,12:30 AM,40,৳ 670
Ena Transport (Pvt) Ltd,07:00 PM,01:00 AM,40,৳ 670
Hanif Enterprise,08:00 PM,02:00 AM,37,৳ 700
Ena Transport (Pvt) Ltd,08:30 PM,02:30 AM,40,৳ 670
Ena Transport (Pvt) Ltd,09:15 PM,05:00 PM,40,৳ 800
Ena Transport (Pvt) Ltd,09:15 PM,05:30 AM,40,৳ 670
Hanif Enterprise,10:00 PM,05:00 AM,37,৳ 700
Ena Transport (Pvt) Ltd,10:15 PM,05:45 AM,40,৳ 670
Ena Transport (Pvt) Ltd,10:30 PM,04:30 AM,40,৳ 670
Hanif Enterprise,10:45 PM,04:15 AM,37,৳ 700
Ena Transport (Pvt) Ltd,10:50 PM,06:00 AM,40,৳ 670
Ena Transport (Pvt) Ltd,11:00 PM,05:00 AM,40,৳ 670
Ena Transport (Pvt) Ltd,11:15 PM,05:15 AM,40,৳ 670
Ena Transport (Pvt) Ltd,11:20 PM,05:00 AM,40,৳ 670
Ena Transport (Pvt) Ltd,11:30 PM,05:30 AM,40,৳ 670
Hanif Enterprise,11:30 PM,05:30 AM,37,৳ 700
Ena Transport (Pvt) Ltd,11:35 PM,05:55 AM,28,৳ 1500
Hanif Enterprise,11:45 PM,05:45 AM,37,৳ 700
Ena Transport (Pvt) Ltd,11:45 PM,06:00 AM,40,৳ 670
Ena Transport (Pvt) Ltd,11:45 PM,05:55 AM,25,৳ 1500
Hanif Enterprise,11:50 PM,06:00 AM,36,৳ 700
Ena Transport (Pvt) Ltd,11:55 PM,06:20 AM,28,৳ 1500
